uid,name,desc,image,bg
630710836,迢辰Aibeto,什锦区UP主/n棱音社PRISMNOTE现任社长,../images/630710836.png,../images/bg_lef.jpg
290835452,冰羽翼龙,这是一只龙（大概？），很好rua。,../images/byyl.jpg,
388224746,涛滔不绝_TTBJ,野路子蒟蒻p主,../images/ttbj.jpg,
1036564487,风翎P,,../images/f0.JPG,
114514,诗乐稀阳,已退社,../images/demo.jpg,@#
178849577,Llllef,喜欢尝试各类各类事物~\n主要参与五维相关作品，尘宝是老婆w（,../images/lef.jpg,../images/bg_lef.jpg
402274020,洛雨辰P,,../images/nor.jpg,
473780327,蔗蓝,是个蒟蒻（,../images/nor.jpg,
529895270,-物理,,../images/nor.jpg,
21919696,若正,,../images/nor.jpg,
1862458127,薪茗盏,,../images/nor.jpg,
38987759,锦叶,,../images/nor.jpg,
409607125,东风塔兔,喜欢星尘和天依～,../images/nor.jpg,
13087302,Shinye宁叶,无.,../images/nor.jpg,
693435981,Utius/抽象派柠檬,,../images/nor.jpg,
363726013,朴曲,,../images/nor.jpg,
697934264,衣物鱼Yiuv,,../images/nor.jpg,
3461562694110068,灭了那个神话,,../images/nor.jpg,
473158348,李子,作编词是小萌新 希望能交朋友XD,../images/nor.jpg,
1521768850,唤望,,../images/nor.jpg,
1111273998,h42-p,,../images/nor.jpg,
277989705,Hallucinatoiré_Viola,,../images/nor.jpg,
670300976,洛夜,,../images/nor.jpg,
691555372,夏龙杰lndulge,爱好：调校；雷点：看情况,../images/nor.jpg,
401180624,面糊丸子,其实混音什么的真的不行（）我也就自己的投稿敢混着听个响,../images/nor.jpg,
484702282,榆盛,,../images/nor.jpg,
2043215394,慕雅桐,或许很喜欢写奇怪的小作文、文笔不是很好各位老师见谅啦qwq、绘画会一点…但不多、作曲会一点…但不多、调教会一点…但不多、我是摆烂人ヽ(✿ﾟ▽ﾟ)ノ（无误）,../images/nor.jpg,
359738396,千千潜秋,喜欢rose和xyy,../images/nor.jpg,
629471556,dale7,,../images/nor.jpg,